train_loss,train_rmsd,val_loss,val_rmsd
2.543174362182617188e+01,8.144071578979492188e+00,4.275710678100585938e+01,9.057000160217285156e+00
