train_loss,train_rmsd,val_loss,val_rmsd
3.244968414306640625e+01,9.293110847473144531e+00,4.786551666259765625e+01,9.920989036560058594e+00
