train_loss,train_rmsd,val_loss,val_rmsd
2.031764602661132812e+01,7.468570709228515625e+00,4.426346969604492188e+01,8.899251937866210938e+00
