train_loss,train_rmsd,val_loss,val_rmsd
4.864117431640625000e+02,3.804238128662109375e+01,8.390090942382812500e+01,1.559919548034667969e+01
